Song_Name,Song_Link,Artist_Name,Stream_Count,Release Date,Musical_Era,Voice_Presence,Predominant_Voice_Gender,Genre_Tags,Sub_Genre_Tags,Free Genre,Description,Instrument_Tags,Emotional_Profile,Mood_Tags,Simple_Mood_Tags,Character_Tags,Movement_Tags,Energy,BPM,Key,Meter
dear edmond,6hrfAGbtb5gJIl8WJDQuNH,Ophelia Wilde,3852721,2023-08-11,contemporary,none,none,ambient,,piano,"simple, childlike solo piano theme for light dramedy and daytime tv.",piano,balanced,"delicate,serene,tender,reflective,light,peaceful,warm,intimate,calm","romantic,chilled,calm","playful,warm",flowing,low,128,fsMajor,4/4
lonely waltz,1UW31930b1AyFzicUBsZql,Ophelia Wilde,3204286,2023-07-14,contemporary,none,none,classical,,piano,"delicate, flowing solo piano melody and harmonic arpeggios create a sense of intrigue.",piano,balanced,"delicate,intimate,nostalgic,tender,graceful,light,reflective","romantic,chilled,calm",playful,flowing,low,69,cMinor,3/4
"Nocturnes, Op. 9: No. 2 in E-Flat Major",3GElbFnmO7zexsPf3Tv9zz,"Frédéric Chopin, Ophelia Wilde",1796307,2024-02-02,mid / late 2000s,none,none,ambient,,soundtrack,nostalgic and sentimental solo piano for romance.,piano,balanced,"nostalgic,tender,delicate,melancholic,bittersweet,graceful",romantic,"sophisticated,playful,warm",flowing,low,66,ebMajor,3/4
Reflections,7mXmPIvQqnyMtea5W2Hj3c,Ophelia Wilde,1767700,2024-02-23,late 2000s / contemporary,none,none,classical,,cello,"a classical track, in a nostalgic mood.","piano,strings",negative,"blue,lonely,sad,melancholic,bittersweet,mournful,depressing,poignant",sad,"playful,sophisticated,sparse,ethereal,mysterious,warm","flowing,nonrhythmic,steady,robotic",low,70,aMinor,3/4
"Suite No. 7 In G Minor, HWV 432: VI. Passacaglia",7zGLBE2NV2LnSDmiIDfxoW,"George Frideric Handel, Ophelia Wilde",1570402,2024-02-02,contemporary,none,none,ambient,,"new age, piano","tender, reflective piano, and heartwarming piano arpeggios, creating a sense of forward motion.",piano,balanced,"emotional,reflective,nostalgic,sentimental,poignant,hopeful,melancholic,delicate,graceful,tender,warm,thoughtful,introspective,serene,bittersweet,romantic,intimate","romantic,sad,chilled","sophisticated,warm",flowing,low,66,cMajor,4/4
slow living (a quiet life),3VqnmKR3yoXfEQYoVaz8IH,Ophelia Wilde,1234295,2024-04-05,contemporary,none,none,ambient,,neo-classical,"reflective, emotive piano and strings build to a rousing, wondrous, heartfelt and uplifting outro.",piano,negative,"thoughtful,reflective,delicate,emotional,introspective,calm,nostalgic,lonely,poignant,melancholic,bittersweet,serene,hopeful,dreamy","calm,chilled,sad","sparkling,ethereal",flowing,low,65,dMinor,4/4
once upon a time,1FaojBaCdNepbvsluSvnhg,Ophelia Wilde,1810204,2023-07-14,contemporary,none,none,ambient,,piano,nostalgic and sentimental solo piano for romance.,piano,negative,"nostalgic,intimate,melancholic,delicate,lonely,reflective,soft,bittersweet","romantic,chilled,calm",playful,flowing,low,69,aMinor,3/4
winter waltz,2YqVoeaHuHnHVMS2Fp56Pv,Ophelia Wilde,226998,2024-11-15,contemporary,none,none,"ambient,classical",,children's music,"a delicate, heartwarming contemporary piano track.","piano,strings",positive,"delicate,sweet,bright,light,innocent,soft","romantic,chilled,calm",sparkling,"flowing,steady",low,69,gsMinor,4/4
Una Mattina,4jMkokUekdgLK2wpbXyHnE,Ophelia Wilde,959154,2024-02-23,contemporary,none,none,ambient,,neo-classical,reflective solo piano arpeggios.,piano,negative,"emotional,melancholic,reflective,poignant,lonely,sad,thoughtful,bittersweet,introspective,blue,nostalgic,sentimental,delicate,mournful,serene,intimate,serious,tender,hopeful,calm,quiet","sad,calm,romantic","sophisticated,warm,ethereal",flowing,low,68,aMinor,4/4
swanlake x dear edmond,5dFuZx85K5BGRteS71WAjh,Ophelia Wilde,698913,2024-04-05,contemporary,none,none,"ambient,classical",,neo-classical,"a delicate, heartwarming solo piano theme.","piano,strings",balanced,"nostalgic,reflective,emotional,delicate,thoughtful","romantic,calm,chilled",sophisticated,flowing,low,69,cMinor,4/4
lost in time,6tL0fQV0KipIdi4fLfQ8eu,Ophelia Wilde,945074,2023-11-10,contemporary,none,none,ambient,,piano,"hopeful, flowing solo piano arpeggios create a sense of forward motion, and positive atmosphere.",piano,balanced,"emotional,hopeful,reflective,warm,graceful,delicate,tender,serene,nostalgic,sentimental","chilled,romantic,calm","sophisticated,warm",flowing,low,75,cMinor,4/4
moonlight waltz,1xjwsu3B0CFDIU6DlPGRbw,Ophelia Wilde,1090600,2023-09-29,contemporary,none,none,ambient,,piano,"a classical track, in a nostalgic mood.",piano,balanced,"delicate,tender,intimate,innocent,light,sweet,reflective,serene,peaceful,nostalgic","romantic,chilled,calm",playful,flowing,low,66,dsMinor,4/4
dancing with a ghost,4jXnx2PJZ1kHL9QewggPTv,Ophelia Wilde,1020590,2023-08-11,contemporary,none,none,"ambient,jazz",contemporaryJazz,background music,romantic and nostalgic solo piano jazz.,piano,balanced,"relaxed,intimate,romantic,peaceful,warm,reflective,tender,sentimental,dreamy,nostalgic,calm,melancholic,quiet,serene,soft,soothing,bittersweet,loving,blue,delicate,introspective,tranquil,lonely,light,leisurely","romantic,chilled,calm","warm,sophisticated","flowing,steady",low,69,fMinor,4/4
mr darcy's proposal,2xY6MPmsC5Cnutv38suQjY,Ophelia Wilde,1142890,2023-11-10,late 2000s / contemporary,none,none,classical,,piano,romantic and nostalgic solo piano waltz.,piano,balanced,"peaceful,delicate,calm,serene,nostalgic","romantic,chilled,calm","playful,warm,sophisticated",flowing,low,77,dMajor,4/4
"yet, life goes on",53eC7Dbi4FDGn6wS4wNwcf,Ophelia Wilde,993262,2023-08-11,contemporary,none,none,ambient,,piano,"solo piano ballad, nostalgic and melancholic.",piano,negative,"melancholic,reflective,intimate,blue,nostalgic,bittersweet,lonely,peaceful,calm,tender,sentimental,warm,sad,quiet,serene,delicate,introspective,emotional,soothing,thoughtful,poignant","romantic,sad,calm",warm,"flowing,steady",low,69,bbMinor,3/4
a new chapter,7kdAKah1VJ6Y1WMTKW3exw,Ophelia Wilde,1898915,2023-07-14,contemporary,none,none,ambient,,neo-classical,nostalgic and sentimental. piano and glockenspiel only.,piano,balanced,"delicate,light,soft,intimate,tender,sweet,nostalgic,innocent","romantic,chilled","playful,warm",flowing,low,69,cMajor,3/4
the swan - reimagined,4cGheKHXo8FLHkxGiyLarU,Ophelia Wilde,577502,2024-04-05,contemporary,none,none,ambient,,"piano, electronic","a delicate, heartwarming contemporary solo piano track.",piano,balanced,"soft,delicate,reflective,nostalgic,intimate,calm,tender,warm,dreamy,sentimental,graceful,peaceful,emotional,light,serene,leisurely,melancholic,thoughtful","romantic,chilled,calm","warm,sparkling,sparse,magical,playful,ethereal,sophisticated",flowing,low,72,gMajor,4/4
in the morning,0112JPUdRF2tJhlfq6aU4l,Ophelia Wilde,1049248,2023-11-10,contemporary,none,none,ambient,,piano,warm and tender solo piano theme with nostalgic sentiment. riser 1. emotional climax 2 : wistful piano.,piano,balanced,"warm,tender,reflective,delicate,sentimental,nostalgic,graceful,intimate,soft,hopeful,peaceful,serene,calm,emotional,romantic,light","chilled,romantic,calm","warm,sophisticated",flowing,low,69,gMajor,4/4
hopeless romance,6f7d9GrkvTe5YlGNffnUVq,Ophelia Wilde,1821481,2023-08-11,contemporary,none,none,ambient,,"ambient, downtempo, chill out, background music, minimalism, new age","a classical solo piano track, in a introspective mood.",piano,negative,"intimate,melancholic,nostalgic,reflective,delicate,lonely,bittersweet,calm,sentimental,tender,peaceful,quiet,introspective,blue,serene","romantic,calm,chilled","sophisticated,warm",flowing,low,69,gsMinor,4/4
what we once had,0d7nEy1Ug67JJgOYRmIyHW,Ophelia Wilde,1361425,2023-07-14,contemporary,none,none,ambient,,piano,nostalgic and sentimental. piano and glockenspiel only.,piano,balanced,"nostalgic,soft,intimate,delicate,tender,reflective,warm,sentimental,bright,light","romantic,chilled","warm,sparkling,playful,sophisticated","flowing,steady",low,69,fMajor,3/4
visiting versailles,2pChspMySmAmdiLNMFq5cN,Ophelia Wilde,808522,2023-11-10,early / mid 2000s,none,none,"classical,jazz",easyListening,classical,nostalgic and sentimental waltz on solo piano.,piano,positive,"soft,tender,warm,peaceful,sweet,intimate,sentimental,nostalgic,delicate,relaxed,light,graceful,innocent,calm,serene,romantic,reflective,dreamy,quiet,leisurely,contented","romantic,chilled","warm,playful,sophisticated,retro","flowing,steady",low,70,csMinor,4/4
sitting under a tree,0hJ0XSaDXsgHelVg2I1wEB,Ophelia Wilde,1362366,2023-08-11,contemporary,none,none,ambient,,"ambient, downtempo, chill out, background music, minimalism, new age","solo piano ballad, nostalgic and melancholic.",piano,negative,"reflective,intimate,nostalgic,melancholic,calm,lonely,peaceful,soft,bittersweet,introspective,blue,sentimental,dreamy,warm,thoughtful,sad,relaxed,serene,tender,quiet,poignant,delicate,soothing,emotional,tranquil,leisurely","romantic,calm,chilled","warm,sophisticated","flowing,steady",low,69,aMajor,4/4
reverie,1PdW7eDiAq1cMSfMY8XIzF,Ophelia Wilde,807096,2023-07-14,contemporary,none,none,ambient,,piano,"a delicate, heartwarming solo piano theme.","bassGuitar,piano",balanced,"nostalgic,delicate,reflective,thoughtful,intimate",romantic,"sparkling,magical,sophisticated,playful,mysterious,ethereal,warm,sparse",flowing,low,85,aMinor,4/4
the bakery,3aUuI7J4VEJyKdNzWpH7px,Ophelia Wilde,647471,2024-04-05,contemporary,none,none,"ambient,classical",,piano,elegant solo piano waltz. stately processional and emotive mid - range left - hand.,piano,positive,"graceful,delicate,light,warm,bright","romantic,chilled,happy","sophisticated,playful,warm,sparkling",flowing,medium,69,gMajor,4/4
the day we met,1dcIYBZoz94tE8MiEUsPx3,Ophelia Wilde,720924,2023-11-10,contemporary,none,none,ambient,,piano,romantic and nostalgic solo piano waltz.,piano,balanced,"intimate,nostalgic,soft,reflective,delicate,tender,sentimental,calm,peaceful,graceful,romantic,warm,dreamy,melancholic,serene,quiet,light,tranquil,leisurely,introspective,soothing,bittersweet,relaxed,lyrical","romantic,chilled,calm","warm,sophisticated",flowing,low,75,bMinor,3/4
dark history,27huIjrnDeFI23ZyweDB7y,Ophelia Wilde,1189368,2023-08-11,contemporary,none,none,classical,,"ambient, downtempo, chill out, background music, minimalism, new age",nostalgic and sentimental solo piano for romance.,piano,balanced,"intimate,peaceful,tender,reflective,delicate,nostalgic,serene,warm,calm,melancholic,relaxed,quiet,bittersweet,sentimental,light,soothing,romantic","romantic,chilled,calm","warm,playful,sophisticated",flowing,low,70,csMinor,4/4
days passing,2SdwQQhicDbTB8B0hZ04yP,Ophelia Wilde,599263,2023-07-14,contemporary,none,none,classical,,piano,romantic and nostalgic solo piano waltz.,piano,balanced,"delicate,intimate,tender,nostalgic,graceful",romantic,"playful,sophisticated,warm",flowing,low,70,fMinor,3/4
"Comptine d'un autre été, l'après-midi",4NhBaBcjhkk2OHdX3au4y9,Ophelia Wilde,1051383,2024-02-23,contemporary,none,none,ambient,,"piano cover, new age piano, new age","flowing and expressive, this solo piano track creates a sense of angst and desolation.",piano,balanced,"hopeful,graceful,reflective,emotional,delicate,sentimental,warm,tender,serene,nostalgic,poignant,melancholic,thoughtful,introspective","romantic,chilled,calm","sophisticated,warm",flowing,low,100,dMajor,4/4
inner solitude,6GsiN9EIfikpYKqITXeTB8,Ophelia Wilde,1184330,2023-11-10,contemporary,none,none,ambient,,piano,minimalist solo piano track with a romantic and sentimental feeling. fits for documentaries.,piano,negative,"emotional,thoughtful,reflective,melancholic,poignant,delicate,introspective,bittersweet,nostalgic,serene,lonely,hopeful,concerned,blue,serious,sentimental","calm,sad,romantic",sophisticated,flowing,low,97,ebMajor,4/4
love letters,1WCUGHSebNkKiRfN5bRBMp,Ophelia Wilde,234061,2024-04-05,contemporary,none,none,classical,,piano,elegant solo piano waltz. stately processional with a regal touch. wistful and emotive mid - section.,piano,balanced,"delicate,nostalgic,serene,reflective,graceful","romantic,chilled,calm","warm,playful,ethereal,sparkling,sophisticated,magical",flowing,low,70,dMajor,3/4
Truman Sleeps,1rBPJXhnONDwiIWUdCwYUw,Ophelia Wilde,610883,2024-02-23,late 2000s / contemporary,none,none,rock,psychedelicProgressiveRock,instrumental,melancholic and contemplative. piano and cello melody.,"piano,strings",negative,"sad,melancholic,bittersweet,emotional,lonely,poignant,blue,reflective,nostalgic,mournful,thoughtful,introspective,sentimental",sad,"sophisticated,warm",flowing,low,113,abMajor,4/4
marriage,5vhhdtEop2ZumFATS1m2Bu,Ophelia Wilde,909209,2023-09-29,contemporary,none,none,ambient,,neo classical,melancholic and nostalgic solo piano theme.,piano,balanced,"delicate,tender,serene,reflective,warm,peaceful,intimate,bittersweet","romantic,chilled,calm",playful,flowing,low,124,csMinor,4/4
the fairy,22dAD4VxjNQ99xHlV5P88h,Ophelia Wilde,375592,2024-04-05,contemporary,none,none,ambient,,neo-classical,"a delicate, heartwarming solo piano theme.",piano,positive,"bright,graceful,delicate,nostalgic,reflective,light,hopeful","romantic,chilled,happy","sophisticated,sparkling,warm",flowing,low,72,bMinor,4/4
October: Golden Hour,7cS7RsZUQBH7zkswjUb356,Dennis Korn,405377,2024-10-09,contemporary,none,none,ambient,,neo-classical,"a beautiful solo piano melody leads into an emotive, heartfelt and uplifting middle section, building to a rousing, heart - warming second act.",piano,balanced,"reflective,hopeful,warm,emotional,nostalgic,tender,delicate,sentimental,intimate,serene,soft,graceful,calm,peaceful,poignant,light,dreamy,thoughtful,introspective",romantic,"warm,sophisticated",flowing,low,177,cMajor,3/4
June: Solstice Waltz,1lm2uQ9w1nYtiQquStLFQ5,Dennis Korn,710022,2024-06-07,contemporary,none,none,classical,,instrumental,"a classical solo piano track, in a peaceful and lyrical mood.",piano,balanced,"tender,sentimental,graceful,delicate,romantic,intimate,warm,reflective,nostalgic,serene,peaceful,melancholic,light,calm,lyrical",romantic,"sophisticated,warm","flowing,steady",low,69,bMinor,4/4
"Elegie Nr. 4 ""Abschied von Paris""",3v4e1f6puYYoaJ2HLZWHgk,Dennis Korn,310462,2024-10-25,contemporary,none,none,ambient,,piano,melancholic and nostalgic solo piano.,piano,balanced,"reflective,melancholic,bittersweet,nostalgic,delicate","romantic,sad",playful,flowing,medium,92,cMinor,4/4
Nocturne D´Amour,4nbsSKcchE8gwLlb16wbHN,Dennis Korn,1295275,2023-10-27,contemporary,none,none,ambient,,"new age, piano","a classical solo piano track, in a melancholy mood.",piano,negative,"reflective,nostalgic,melancholic,sentimental,delicate,emotional,intimate,calm,tender,peaceful,lonely,poignant,introspective,sad,bittersweet,quiet,serene,romantic,blue,dreamy,soft,thoughtful,graceful,warm,tranquil,lyrical,mournful,soothing","romantic,sad,calm",sophisticated,flowing,low,170,aMajor,3/4
November: Under Grey Clouds,2C5ejoKb5Dw0m9FUOWOUGB,Dennis Korn,134614,2024-11-08,contemporary,none,none,ambient,,neo-classical,melancholic - romantic solo piano ballad featuring a dreamy solo cello.,piano,balanced,"emotional,reflective,thoughtful,poignant,introspective,nostalgic,melancholic,bittersweet,lonely,delicate,serene,sentimental,hopeful,intimate,calm,sad","romantic,calm,sad","sophisticated,warm,ethereal",flowing,low,149,fMinor,3/4
November: Sparks In The Dark,0BFtM9tZik1gNJDTlHs3lM,Dennis Korn,135480,2024-11-08,contemporary,none,none,ambient,,neo-classical,"melancholic and contemplative solo piano arpeggios, create an introspective mood.",piano,negative,"nostalgic,reflective,intimate,delicate,soft,emotional,melancholic,calm,sentimental,thoughtful,lonely,tender,dreamy,poignant,introspective,bittersweet,peaceful,serene,light,graceful,tranquil,warm,blue,romantic",romantic,"warm,sophisticated,sparkling,sparse,magical,ethereal,playful,mysterious,luxurious",flowing,low,70,gMajor,4/4
Tumbling Leaves,35sEgWpRcalDkhWGFWi8v8,"Tom Kristiaan, Dennis Korn",1557902,2023-10-20,contemporary,none,none,ambient,,neo-classical,"tender, intimate piano and strings create a feeling of warmth before returning to the past.",piano,negative,"soft,nostalgic,reflective,intimate,calm,delicate,emotional,thoughtful,melancholic,lonely,tender,leisurely,sentimental,warm,poignant,introspective,dreamy,bittersweet,peaceful,light,hopeful,serene,tranquil","romantic,chilled,calm",sparse,"flowing,steady",low,102,gMajor,3/4
The Rose Garden,3WITqNeBeC6EXYGSOgigWm,Dennis Korn,1511068,2023-10-27,late 2000s / contemporary,none,none,classical,,piano,nostalgic and sentimental solo piano for romance.,piano,positive,"soft,sweet,tender,delicate,innocent,warm,light,peaceful,intimate,calm,nostalgic,graceful,dreamy,sentimental,serene,reflective,leisurely","chilled,romantic","playful,warm,sophisticated","flowing,steady",low,83,aMinor,3/4
Winter Lights,04GXMuiSWebzTF97PoXBu8,Dennis Korn,964298,2023-11-03,contemporary,none,none,ambient,,piano,gentle and emotive solo piano arrangement of the well - known childrens song.,piano,balanced,"reflective,delicate,tender,nostalgic,intimate,peaceful,sentimental,calm,warm,serene,emotional,melancholic,introspective,bittersweet,thoughtful,soft,quiet,graceful,poignant,tranquil,dreamy","romantic,calm,sad","warm,sophisticated",flowing,low,69,dMajor,3/4
Forgotten Secrets,3Oc4Rm86Pq6K5eAGKaeC3f,"Dennis Korn, Yan Springett",2699863,2022-08-05,contemporary,none,none,"classical,ambient",,neo classical,dreamy and nostalgic. piano and glockenspiel only.,piano,balanced,"delicate,soft,intimate,nostalgic,light,tender,reflective","romantic,chilled",playful,flowing,low,69,cMinor,4/4
Quiet Moments,5ID7Z9efHnVNfmfdv9H2HO,Lysander,1347287,2024-05-03,contemporary,none,none,ambient,,piano,"hopeful, flowing solo piano arpeggios create a sense of floating, ethereal wonder and space.",piano,balanced,"emotional,reflective,nostalgic,serene,dreamy,calm,hopeful,introspective,thoughtful,poignant","calm,romantic,chilled","ethereal,warm,sophisticated",flowing,low,75,fMajor,4/4
Little Joys,5hsIhqnrxJr7yDlPqh41wn,Lysander,541181,2024-10-18,contemporary,none,none,"ambient,classical",,neo-classical,romantic and nostalgic. piano and glockenspiel only.,piano,positive,"delicate,peaceful,tender,serene,warm,graceful,dreamy,calm,hopeful,soothing,light,innocent,tranquil,reflective,sentimental,intimate,sweet,quiet","romantic,calm,chilled","sparkling,magical,warm,playful,ethereal,sophisticated",flowing,low,69,aMajor,3/4
Romanticizing Life,0QzqIkPMMoPkKsXEd0kFq0,Lysander,1041072,2024-05-03,contemporary,none,none,ambient,,neo-classical,warm and tender solo piano theme. nostalgic and heart - warming.,piano,balanced,"reflective,emotional,nostalgic,sentimental,hopeful,warm,serene,poignant,delicate","romantic,calm,chilled","warm,sophisticated",flowing,low,136,aMinor,3/4
Autumn Waltz,5QxhSrb1xhsdczawFMdAVK,Lysander,356712,2024-10-18,contemporary,none,none,ambient,,piano,"beautiful, flowing piano arpeggios and rich, emotive waves of emotion.",piano,negative,"dreamy,emotional,reflective,calm,delicate,thoughtful,introspective,nostalgic,serene,peaceful,poignant,sentimental,tranquil,melancholic,hopeful,quiet,intimate,lonely,graceful,bittersweet,warm,tender","calm,romantic,sad",ethereal,flowing,low,66,gMajor,3/4
Her Aesthetic,3BnSrmrPGPhVRqFDq6wNpj,Lysander,1000336,2024-05-03,late 2000s / contemporary,none,none,"ambient,classical",,neo-classical,"warm, flowing solo piano arpeggios and a nostalgic melody, creates a sense of tender optimism.",piano,balanced,"nostalgic,reflective,sentimental,warm,soft,graceful,tender,emotional,hopeful,intimate,romantic,delicate,calm,dreamy,peaceful,serene,lyrical,light","romantic,chilled,calm","sophisticated,warm","flowing,steady",low,69,aMajor,4/4
Candlelight,2wQ2D2RgJSeWcioM2QfKNb,Lysander,952890,2024-05-03,contemporary,none,none,ambient,,piano,"a classical solo piano track, in a melancholy mood.",piano,balanced,"sentimental,reflective,emotional,tender,serene,nostalgic,delicate,graceful,warm,peaceful,hopeful,romantic,intimate,melancholic,introspective,poignant,bittersweet,lyrical,calm,dreamy,quiet","romantic,calm,chilled","sophisticated,warm",flowing,low,66,bbMajor,4/4
Easy Living,08Ef02XCpy9KOx4TsMF94j,Lysander,220278,2024-10-18,contemporary,none,none,"ambient,classical",,piano,"gentle, flowing solo piano arrangement of'the well - known childrens classic nursery rhyme.",piano,positive,"graceful,soft,serene,warm,delicate,calm,peaceful,reflective,hopeful,nostalgic,tender,dreamy,tranquil,light,lyrical,emotional,contented,soothing,intimate","romantic,calm,chilled",warm,flowing,low,70,aMajor,3/4
Library Whispers,2y2AIWY8ifi84Bd9H6RDTO,Lysander,990187,2024-05-03,contemporary,none,none,ambient,,piano,"a classical solo piano track, in a introspective mood.",piano,balanced,"sentimental,reflective,delicate,nostalgic,tender,intimate,peaceful,melancholic,serene,romantic,graceful,emotional,warm,calm,bittersweet,introspective,quiet,poignant,tranquil,lyrical,blue","romantic,calm,sad","sophisticated,warm",flowing,low,69,ebMajor,4/4
October,0QGzN0qHA8fwVJwYLZdl6n,Lysander,862768,2024-05-03,contemporary,none,none,ambient,,neo-classical,"a solo piano track, in a nostalgic mood.",piano,balanced,"delicate,peaceful,reflective,calm,serene,intimate,nostalgic,tender,graceful,sentimental,melancholic,quiet,dreamy,tranquil,introspective,light,warm","romantic,calm",sophisticated,flowing,low,72,gMajor,4/4
Coffee & Books,51lnQMAezRcK6Mymei7rxv,Lysander,205048,2024-10-18,contemporary,none,none,ambient,,piano,from la gi arranged for h. for solo piano.,piano,positive,"quiet,sentimental,serene,lyrical,graceful","romantic,calm,chilled","playful,sophisticated",flowing,low,94,cMajor,4/4
