Artists,Counter
Slumbering Tapes,47
Malou Mellow,31
Nikolai Tal,47
Piano Mouse,10
Mellow Strings,4
Ava Keys,2
Sleepyheadz,50
Diana Dream,13
Moonlight Keys,3
Moonlight Mouse,12
Slumbermon,9
The Piano Cover Guy,1
Elden Tales,5
007 Piano,2
Pianomon,4
reimagined,3
Ghibli Melodies,1
The Video Game Pianist,2
Up in the Clouds,3
Architect of Dreams,2
Jasmin Mouseworthy,1
JoJo Piano,8
Noah Ivory,3
Modern Day Troubadour,1
Massimo Bellucci,1
Slumbering Tom,2
Liora Nyx,1
Richard Autumn,1
Robert Auerbach,1
Lira Moreau,2
Piano Pillow,3
Jodie Rivers,1
Swift Keys,1
Chocobo Keys,1
Saiyan Sonnet,5
Pirate Pianist,2
Eirene Montclaire,2
Mario Piano,5
Nathaniel Royce,1
Mikael Petrov,2
Sepia Tone,2
Dragon Melodies,3
The Last Piano,1
Sonic Piano,3
88 Memories,3
Neo Notes,1
Kokiri Keys,1
Piano Peace,1
Piano Fruits Music,1
Magnus Eriksson,1
Disney Peaceful Piano,7
Disney,7
Nursery Rhymes ABC,6
Piano Dreamland,1
The Chillest,2
Lullaby Dreamers,2
Disney Peaceful Ambient,1
David Healer,1
Cover Kid,1
The Tiny Boppers,1
Frozen Silence,1
Lily Chordwell,1
